assetId,downloadAttribute,filetype,size,downloadLink,rawLink
Bricks085,1K-JPG,zip,4835502,https://ambientCG.com/get?file=Bricks085_1K-JPG.zip,https://ambientCG.com/get?file=Bricks085_1K-JPG.zip
Bricks085,2K-JPG,zip,14737060,https://ambientCG.com/get?file=Bricks085_2K-JPG.zip,https://ambientCG.com/get?file=Bricks085_2K-JPG.zip
Bricks085,4K-JPG,zip,54306711,https://ambientCG.com/get?file=Bricks085_4K-JPG.zip,https://ambientCG.com/get?file=Bricks085_4K-JPG.zip
Bricks085,8K-JPG,zip,202126792,https://ambientCG.com/get?file=Bricks085_8K-JPG.zip,https://ambientCG.com/get?file=Bricks085_8K-JPG.zip
Bricks085,12K-JPG,zip,416459722,https://ambientCG.com/get?file=Bricks085_12K-JPG.zip,https://ambientCG.com/get?file=Bricks085_12K-JPG.zip
Bricks085,16K-JPG,zip,684480927,https://ambientCG.com/get?file=Bricks085_16K-JPG.zip,https://ambientCG.com/get?file=Bricks085_16K-JPG.zip
Bricks085,1K-PNG,zip,9222370,https://ambientCG.com/get?file=Bricks085_1K-PNG.zip,https://ambientCG.com/get?file=Bricks085_1K-PNG.zip
Bricks085,2K-PNG,zip,32603187,https://ambientCG.com/get?file=Bricks085_2K-PNG.zip,https://ambientCG.com/get?file=Bricks085_2K-PNG.zip
Bricks085,4K-PNG,zip,126528922,https://ambientCG.com/get?file=Bricks085_4K-PNG.zip,https://ambientCG.com/get?file=Bricks085_4K-PNG.zip
Bricks085,8K-PNG,zip,492074566,https://ambientCG.com/get?file=Bricks085_8K-PNG.zip,https://ambientCG.com/get?file=Bricks085_8K-PNG.zip
Bricks085,12K-PNG,zip,1068643305,https://ambientCG.com/get?file=Bricks085_12K-PNG.zip,https://ambientCG.com/get?file=Bricks085_12K-PNG.zip
Bricks085,16K-PNG,zip,1813094890,https://ambientCG.com/get?file=Bricks085_16K-PNG.zip,https://ambientCG.com/get?file=Bricks085_16K-PNG.zip
Rock035,1K-JPG,zip,9547643,https://ambientCG.com/get?file=Rock035_1K-JPG.zip,https://ambientCG.com/get?file=Rock035_1K-JPG.zip
Rock035,2K-JPG,zip,32989877,https://ambientCG.com/get?file=Rock035_2K-JPG.zip,https://ambientCG.com/get?file=Rock035_2K-JPG.zip
Rock035,4K-JPG,zip,123697253,https://ambientCG.com/get?file=Rock035_4K-JPG.zip,https://ambientCG.com/get?file=Rock035_4K-JPG.zip
Rock035,8K-JPG,zip,485875178,https://ambientCG.com/get?file=Rock035_8K-JPG.zip,https://ambientCG.com/get?file=Rock035_8K-JPG.zip
Rock035,1K-PNG,zip,18316903,https://ambientCG.com/get?file=Rock035_1K-PNG.zip,https://ambientCG.com/get?file=Rock035_1K-PNG.zip
Rock035,2K-PNG,zip,67677382,https://ambientCG.com/get?file=Rock035_2K-PNG.zip,https://ambientCG.com/get?file=Rock035_2K-PNG.zip
Rock035,4K-PNG,zip,260815623,https://ambientCG.com/get?file=Rock035_4K-PNG.zip,https://ambientCG.com/get?file=Rock035_4K-PNG.zip
Rock035,8K-PNG,zip,1034898433,https://ambientCG.com/get?file=Rock035_8K-PNG.zip,https://ambientCG.com/get?file=Rock035_8K-PNG.zip
Gravel001,1K-JPG,zip,5311871,https://ambientCG.com/get?file=Gravel001_1K-JPG.zip,https://ambientCG.com/get?file=Gravel001_1K-JPG.zip
Gravel001,2K-JPG,zip,13601404,https://ambientCG.com/get?file=Gravel001_2K-JPG.zip,https://ambientCG.com/get?file=Gravel001_2K-JPG.zip
Gravel001,4K-JPG,zip,41900547,https://ambientCG.com/get?file=Gravel001_4K-JPG.zip,https://ambientCG.com/get?file=Gravel001_4K-JPG.zip
Gravel001,1K-PNG,zip,11954195,https://ambientCG.com/get?file=Gravel001_1K-PNG.zip,https://ambientCG.com/get?file=Gravel001_1K-PNG.zip
Gravel001,2K-PNG,zip,40416699,https://ambientCG.com/get?file=Gravel001_2K-PNG.zip,https://ambientCG.com/get?file=Gravel001_2K-PNG.zip
Gravel001,4K-PNG,zip,47638595,https://ambientCG.com/get?file=Gravel001_4K-PNG.zip,https://ambientCG.com/get?file=Gravel001_4K-PNG.zip
